use quanlybanhang;
SELECT * FROM quanlybanhang.customer;
INSERT INTO `quanlybanhang`.`customer` (`cID`, `cName`, `cAge`) VALUES ('1', 'Minh Quan', '10');
INSERT INTO `quanlybanhang`.`customer` (`cID`, `cName`, `cAge`) VALUES ('2', 'Ngoc Oanh', '20');
INSERT INTO `quanlybanhang`.`customer` (`cID`, `cName`, `cAge`) VALUES ('3', 'Hong Ha', '50');
SELECT * FROM quanlybanhang.order;
INSERT INTO `quanlybanhang`.`order` (`oID`, `cID`, `oDate`) VALUES ('1', '1', '2006/3/21');
INSERT INTO `quanlybanhang`.`order` (`oID`, `cID`, `oDate`) VALUES ('2', '2', '2006/3/23');
INSERT INTO `quanlybanhang`.`order` (`oID`, `cID`, `oDate`) VALUES ('3', '1', '2006/3/16');
SELECT * FROM quanlybanhang.product;
INSERT INTO `quanlybanhang`.`product` (`pID`, `pName`, `pPrice`) VALUES ('1', 'May Giat', '3');
INSERT INTO `quanlybanhang`.`product` (`pID`, `pName`, `pPrice`) VALUES ('2', 'Tu Lanh', '5');
INSERT INTO `quanlybanhang`.`product` (`pID`, `pName`, `pPrice`) VALUES ('3', 'Dieu Hoa', '7');
INSERT INTO `quanlybanhang`.`product` (`pID`, `pName`, `pPrice`) VALUES ('4', 'Quat', '1');
INSERT INTO `quanlybanhang`.`product` (`pID`, `pName`, `pPrice`) VALUES ('5', 'Bep Dien', '2');
SELECT * FROM quanlybanhang.orderdetail;
INSERT INTO `quanlybanhang`.`orderdetail` (`oID`, `pID`, `odQTY`) VALUES ('1', '1', '3');
INSERT INTO `quanlybanhang`.`orderdetail` (`oID`, `pID`, `odQTY`) VALUES ('1', '3', '7');
INSERT INTO `quanlybanhang`.`orderdetail` (`oID`, `pID`, `odQTY`) VALUES ('1', '4', '2');
INSERT INTO `quanlybanhang`.`orderdetail` (`oID`, `pID`, `odQTY`) VALUES ('2', '1', '1');
INSERT INTO `quanlybanhang`.`orderdetail` (`oID`, `pID`, `odQTY`) VALUES ('3', '1', '8');
INSERT INTO `quanlybanhang`.`orderdetail` (`oID`, `pID`, `odQTY`) VALUES ('2', '5', '4');
INSERT INTO `quanlybanhang`.`orderdetail` (`oID`, `pID`, `odQTY`) VALUES ('2', '3', '3');
